{
   "accuracy": 0.9281045751633987,
   "eval_time_avg": 1.259317954381307,
   "eval_time_pure_avg": 0.95113738377889
}