{
   "accuracy": 0.9477124183006536,
   "eval_time_avg": 0.1627551794052124,
   "eval_time_pure_avg": 0.16255574226379393
}