{
    "epoch_time_avg": 6.719256925582886,
    "epoch_time_pure_avg": 0.4890546441078186,
    "train_time": 134.38513851165771,
    "train_time_pure": 9.781092882156372
}