{
    "epoch_time_avg": 33.31509776115418,
    "epoch_time_pure_avg": 31.48792233467102,
    "train_time": 666.3019552230835,
    "train_time_pure": 629.7584466934204
}