{
   "accuracy": 0.934640522875817,
   "eval_time_avg": 0.15390840768814087,
   "eval_time_pure_avg": 0.14876874685287475
}