{
   "accuracy": 0.9411764705882353,
   "eval_time_avg": 1.674522082010905,
   "eval_time_pure_avg": 1.6735246976216633
}