{
   "accuracy": 0.9215686274509803,
   "eval_time_avg": 0.2146263003349304,
   "eval_time_pure_avg": 0.14501166343688965
}