{
    "epoch_time_avg": 26.60010154247284,
    "epoch_time_pure_avg": 25.14116677045822,
    "train_time": 532.0020308494568,
    "train_time_pure": 502.82333540916443
}