{
    "epoch_time_avg": 23.60844875574112,
    "epoch_time_pure_avg": 22.051938593387604,
    "train_time": 472.1689751148224,
    "train_time_pure": 441.0387718677521
}