{
   "accuracy": 0.934640522875817,
   "eval_time_avg": 1.320187250773112,
   "eval_time_pure_avg": 1.0161312421162922
}