{
    "epoch_time_avg": 4.225932085514069,
    "epoch_time_pure_avg": 0.05114292204380035,
    "train_time": 84.51864171028137,
    "train_time_pure": 4.091433763504028
}