{
   "accuracy": 0.9150326797385621,
   "eval_time_avg": 0.2787541031837463,
   "eval_time_pure_avg": 0.2786543607711792
}